{
  "accuracy": 0.5581395348837209,
  "macro_avg_f1": 0.5354774090090878,
  "weighted_avg_f1": 0.5389206738281076,
  "confusion_matrix": [
    [
      47,
      85,
      5,
      12,
      3
    ],
    [
      0,
      173,
      0,
      32,
      5
    ],
    [
      3,
      39,
      48,
      7,
      59
    ],
    [
      2,
      22,
      0,
      114,
      8
    ],
    [
      1,
      30,
      54,
      13,
      98
    ]
  ],
  "classification_report": {
    "Daisy": {
      "precision": 0.8867924528301887,
      "recall": 0.3092105263157895,
      "f1-score": 0.4585365853658537,
      "support": 152.0
    },
    "Dandelion": {
      "precision": 0.49570200573065903,
      "recall": 0.8238095238095238,
      "f1-score": 0.6189624329159212,
      "support": 210.0
    },
    "Rose": {
      "precision": 0.4485981308411215,
      "recall": 0.3076923076923077,
      "f1-score": 0.3650190114068441,
      "support": 156.0
    },
    "Sunflower": {
      "precision": 0.6404494382022472,
      "recall": 0.7808219178082192,
      "f1-score": 0.7037037037037037,
      "support": 146.0
    },
    "Tulip": {
      "precision": 0.5664739884393064,
      "recall": 0.5,
      "f1-score": 0.5311653116531165,
      "support": 196.0
    },
    "accuracy": 0.5581395348837209,
    "macro avg": {
      "precision": 0.6076032032087045,
      "recall": 0.5443068551251681,
      "f1-score": 0.5354774090090878,
      "support": 860.0
    },
    "weighted avg": {
      "precision": 0.5969833746005513,
      "recall": 0.5581395348837209,
      "f1-score": 0.5389206738281076,
      "support": 860.0
    }
  },
  "confidence_analysis": {
    "Daisy": {
      "mean_confidence": 0.5642756223678589,
      "std_confidence": 0.1651100069284439,
      "correct_predictions": 47.0
    },
    "Dandelion": {
      "mean_confidence": 0.7112106084823608,
      "std_confidence": 0.17717792093753815,
      "correct_predictions": 173.0
    },
    "Rose": {
      "mean_confidence": 0.5651622414588928,
      "std_confidence": 0.13365618884563446,
      "correct_predictions": 48.0
    },
    "Sunflower": {
      "mean_confidence": 0.7232964038848877,
      "std_confidence": 0.1815543919801712,
      "correct_predictions": 114.0
    },
    "Tulip": {
      "mean_confidence": 0.5646083950996399,
      "std_confidence": 0.11610771715641022,
      "correct_predictions": 98.0
    }
  },
  "evaluation_date": "2025-07-04T20:16:32.569761"
}